"Model","Price"
"N°NNµN»°NµN HUION H640P",4648
"N°NNµN»°NµN XP-PEN Deco 01",5790
"N°NNµN»°NµN HUION H1060P",8389
"N°NNµN»°NµN WACOM Intuos Pro Medium (PTH-660)",23774
"N°NNµN»°NµN WACOM One Small (CTL-472-N)",3050
"N°NNµN»°NµN WACOM One Medium (CTL-672-N)",4758
"N°NNµN»°NµN HUION H950P",7990
"N°NNµN»°NµN XP-PEN Deco 01 V2",4983
"N°NNµN»°NµN HUION H430P",2898
"N°NNµN»°NµN XP-PEN Deco 01",5790
"N°NNµN»°NµN WACOM Intuos S Bluetooth (CTL-4100WLK-N/CTL-4100WLE-N)",5898
"N°NNµN»°NµN XP-PEN Star 06C",4710
"N°NNµN»°NµN HUION H640P",4648
"N°NNµN»°NµN HUION H1060P",8389
"N°NNµN»°NµN WACOM Intuos Pro Medium (PTH-660)",23774
"N°NNµN»°NµN WACOM Intuos S (TL-4100K-N)",5098
"N°NNµN»°NµN DIGMA Magic Pad 80",710
"N°NNµN»°NµN XP-PEN Star G640",3177
"Nµ»»µNN°»NN±»N WACOM Bamboo Slate A4 (CDS-810S)",10299
"N°NNµN»°NµN WACOM Intuos M Bluetooth (CTL-6100WLK-N/CTL-6100WLE-N)",11953
"N°NNµN»°NµN HUION 420",2550
"NµN°NNN»µ XP-PEN Artist 12",19990
"NµN°NNN»µ WACOM Cintiq 16 (DTK1660K0B)",47985
"NµN°NNN»µ HUION KAMVAS PRO 13",32990
"N°NNµN»°NµN HUION Q11K",9988
